{
  "train_losses": [
    1.6900066137313843,
    1.358399448069659,
    0.9433597515929829
  ],
  "val_losses": [
    6.650308807690938,
    0.9616712729136149,
    0.9280833005905151
  ],
  "her_losses": [
    0.08264597476161063,
    0.02470788405943577,
    0.003306770644650731
  ],
  "stab_losses": [
    0.8180517002262853,
    0.6291933603246104,
    0.009102039007385347
  ],
  "syn_losses": [
    0.15672751346772368,
    1.3546510176225142e-09,
    0.0
  ],
  "best_val_loss": 0.9280833005905151,
  "final_val_loss": 0.9280833005905151
}