{
  "train_losses": [
    0.13987384028732777,
    0.13954240369796753,
    0.13861521157622336,
    0.13805616918206215,
    0.14103117477893828
  ],
  "val_losses": [
    0.13265462775552084,
    0.12786760453193907,
    0.12793832130375363,
    0.12953155334033664,
    0.12823316348450525
  ],
  "her_losses": [
    9.552131319878754e-08,
    1.7363454757202134e-07,
    1.5810415502315323e-07,
    1.9260917690644419e-07,
    1.873286338542357e-05
  ],
  "stab_losses": [
    1.0742582061027407e-06,
    8.272854908284444e-07,
    1.099985653141289e-06,
    4.5664603338479993e-07,
    9.056621019141176e-07
  ],
  "syn_losses": [
    0.0,
    0.0,
    0.0,
    0.0,
    0.0
  ],
  "best_val_loss": 0.12786760453193907,
  "final_val_loss": 0.12823316348450525
}