{
  "train_losses": [
    1.6895529194311663,
    1.2229927398941733
  ],
  "val_losses": [
    147.49769639968872,
    1.030896822611491
  ],
  "her_losses": [
    0.0666341081702161,
    0.014928531076293439
  ],
  "stab_losses": [
    0.8420832631262866,
    0.09915753953497518
  ],
  "syn_losses": [
    0.15657409788532692,
    2.7093020352450285e-09
  ],
  "best_val_loss": 1.030896822611491,
  "final_val_loss": 1.030896822611491
}